roller kinder 10 jahre#1#24.011#509.264#8.267#1,62%#9.293#38,7%#89#0,96%#66,99 €#-#13#979#1.467#1.250#5,21%#2#0,16%#59,99 €#-#4#159#217#198#0,82%#0#0%#59,90 €#-#0#33#48#/brand-analytics/dashboard/query-detail?view-id=query-detail-asin-view&asin=B08LHFW932&search-term-freeform=roller%20kinder%2010%20jahre&reporting-range=monthly&monthly-year=2023&2023-month=2023-03-31&country-id=de B07S24HM1R#B000YD02MO#B00U2E9MXK#B08YNYSTQX#B07SGQC9LW#B0B77WRKY5#B077SJXFTV#B07G1975ZJ#B0B1869MDV#B07G1BPZ9Z
kinder roller 6 jahren#2#3.385#67.706#644#0,95%#1.267#37,43%#9#0,71%#49,99 €#-#4#103#217#153#4,52%#0#0%#46,38 €#-#0#13#25#15#0,44%#0#0%#44,99 €#-#0#1#2#/brand-analytics/dashboard/query-detail?view-id=query-detail-asin-view&asin=B08LHFW932&search-term-freeform=kinder%20roller%206%20jahren&reporting-range=monthly&monthly-year=2023&2023-month=2023-03-31&country-id=de B0789JX5QK#B01DBTYH2I#B083XM9HG8#B000YD02MO#B08YNYSTQX#B07S24HM1R#B0B3XLT1D4#B00CSSGMPE#B00CSSGNTO#B082QJ36MN
stuntroller für 10 jährigen jungen freestyle roller regenbogen#3#298#6.215#202#3,25%#130#43,62%#11#8,46%#69,49 €#-#0#17#24#18#6,04%#1#5,56%#64,01 €#-#0#4#6#3#1,01%#0#0%#49,99 €#-#0#0#0#/brand-analytics/dashboard/query-detail?view-id=query-detail-asin-view&asin=B08LHFW932&search-term-freeform=stuntroller%20f%C3%BCr%2010%20j%C3%A4hrigen%20jungen%20freestyle%20roller%20regenbogen&reporting-range=monthly&monthly-year=2023&2023-month=2023-03-31&country-id=de B08FQXMMN4#B07K8YWWQK#B08K471XSY#B097CZJHBM#B08LHFW932#B00LPJV2K2#B09KM1SHRH#B093HCVYSN#B08K2TNQ8G#B0B7NXR6L2
roller kinder 6 jahre#4#41.868#859.506#514#0,06%#15.391#36,76%#6#0,04%#59,53 €#-#106#2.158#2.863#2.044#4,88%#0#0%#56,79 €#-#22#313#414#263#0,63%#0#0%#55,61 €#-#3#49#73#/brand-analytics/dashboard/query-detail?view-id=query-detail-asin-view&asin=B08LHFW932&search-term-freeform=roller%20kinder%206%20jahre&reporting-range=monthly&monthly-year=2023&2023-month=2023-03-31&country-id=de B000YD02MO#B09XX7B7S5#B08YNYSTQX#B07SGQC9LW#B0B1869MDV#B095LM2WSK#B083XM9HG8#B0789JX5QK#B0B3XLT1D4#B0BSFWQGS2
stand roller#6#708#14.914#310#2,08%#233#32,91%#6#2,58%#69,00 €#-#3#22#43#38#5,37%#0#0%#69,00 €#-#1#2#4#1#0,14%#0#0%#54,99 €#-#0#0#0#/brand-analytics/dashboard/query-detail?view-id=query-detail-asin-view&asin=B08LHFW932&search-term-freeform=stand%20roller&reporting-range=monthly&monthly-year=2023&2023-month=2023-03-31&country-id=de B097Q36RGV#B07H1LH7C6#B00CS3K4K8#B07W5VSTH4#B00LPJV2K2#B09K7T2ZN8#B07GX4ZB7Q#B098RCF5S6#B0943R8FN8#B097CZJHBM
stuntroller junge 6 jahre#7#76#1.500#54#3,6%#34#44,74%#4#11,76%#59,00 €#-#0#4#8#4#5,26%#1#25%#44,95 €#-#0#1#0#1#1,32%#0#0%#39,99 €#-#0#1#0#/brand-analytics/dashboard/query-detail?view-id=query-detail-asin-view&asin=B08LHFW932&search-term-freeform=stuntroller%20junge%206%20jahre&reporting-range=monthly&monthly-year=2023&2023-month=2023-03-31&country-id=de B097CZJHBM#B08LHBWFJ4#B088FTSKK6#B01II44D8O#B08LHFW932#B07K8YWWQK#B08K471XSY#B00LPJUUDC#B08LHDRFPR#B085CDRR2K
stunt roller kinder ab 8#8#3.020#61.711#307#0,5%#1.469#48,64%#4#0,27%#59,00 €#-#3#167#265#217#7,19%#0#0%#59,00 €#-#1#32#33#32#1,06%#0#0%#54,99 €#-#0#11#4#/brand-analytics/dashboard/query-detail?view-id=query-detail-asin-view&asin=B08LHFW932&search-term-freeform=stunt%20roller%20kinder%20ab%208&reporting-range=monthly&monthly-year=2023&2023-month=2023-03-31&country-id=de B08LHFHYPR#B093HCVYSN#B08K471XSY#B099XCQ56G#B08BRG2H34#B097CZJHBM#B00LPJV2K2#B08LHDRFPR#B08BRF2B3Z#B09994DB6H
stunt roller kinder ab 10#9#2.160#47.265#287#0,61%#971#44,95%#4#0,41%#63,72 €#-#6#81#221#134#6,2%#0#0%#60,43 €#-#0#13#32#27#1,25%#0#0%#65,44 €#-#0#5#7#/brand-analytics/dashboard/query-detail?view-id=query-detail-asin-view&asin=B08LHFW932&search-term-freeform=stunt%20roller%20kinder%20ab%2010&reporting-range=monthly&monthly-year=2023&2023-month=2023-03-31&country-id=de B093HCVYSN#B097Q36RGV#B07W5VSTH4#B099XCQ56G#B09K7T2ZN8#B08LHFHYPR#B08FGVP7NS#B08LHDRFPR#B08BRF2B3Z#B083TSF2F8
stunt scooter griffe#10#953#22.858#129#0,56%#377#39,56%#1#0,27%#11,99 €#-#16#108#88#65#6,82%#1#1,54%#12,90 €#-#1#15#19#6#0,63%#0#0%#10,95 €#-#0#2#1#/brand-analytics/dashboard/query-detail?view-id=query-detail-asin-view&asin=B08LHFW932&search-term-freeform=stunt%20scooter%20griffe&reporting-range=monthly&monthly-year=2023&2023-month=2023-03-31&country-id=de B097YGMBC3#B09SZ2MH9R#B09CZ2VS29#B00CS3L3E4#B0083TSGB0
cox swain stunt scooter#12#418#9.410#101#1,07%#185#44,26%#1#0,54%#119,99 €#-#0#5#16#17#4,07%#1#5,88%#119,99 €#-#0#1#0#4#0,96%#0#0%#119,99 €#-#0#0#0#/brand-analytics/dashboard/query-detail?view-id=query-detail-asin-view&asin=B08LHFW932&search-term-freeform=cox%20swain%20stunt%20scooter&reporting-range=monthly&monthly-year=2023&2023-month=2023-03-31&country-id=de B00RCMMHCS#B08PDJJM7S#B073H4RVPL#B073H57VTD#B011TXW16W#B07ZNJ5DH5#B07F354GKD#B08LHFHYPR#B08LHFW932#B08PDH4ZWT
standroller#13#253#5.827#240#4,12%#94#37,15%#4#4,26%#65,90 €#-#0#6#11#13#5,14%#0#0%#57,99 €#-#0#1#2#1#0,4%#0#0%#109,80 €#-#0#0#1#/brand-analytics/dashboard/query-detail?view-id=query-detail-asin-view&asin=B08LHFW932&search-term-freeform=standroller&reporting-range=monthly&monthly-year=2023&2023-month=2023-03-31&country-id=de B097Q36RGV#B00LPJV2K2#B09K7T2ZN8#B07W5VSTH4#B09MPJLW2M#B098RCF5S6#B00CS3K4K8#B07GX4ZB7Q#B097CZJHBM#B08W2XQNP4
ab 10 jahre#14#2.617#56.071#286#0,51%#634#24,23%#2#0,32%#19,95 €#-#25#147#77#56#2,14%#0#0%#14,95 €#-#4#23#10#12#0,46%#0#0%#14,95 €#-#1#3#6#/brand-analytics/dashboard/query-detail?view-id=query-detail-asin-view&asin=B08LHFW932&search-term-freeform=ab%2010%20jahre&reporting-range=monthly&monthly-year=2023&2023-month=2023-03-31&country-id=de 394718882X#B08FBQVZQC#B097Q36RGV#B09QG4M23V#3831046190
stand roller kinder 10 jahre#15#294#6.472#209#3,23%#103#35,03%#4#3,88%#66,99 €#-#0#10#11#20#6,8%#0#0%#57,99 €#-#0#3#1#3#1,02%#0#0%#54,99 €#-#0#0#0#/brand-analytics/dashboard/query-detail?view-id=query-detail-asin-view&asin=B08LHFW932&search-term-freeform=stand%20roller%20kinder%2010%20jahre&reporting-range=monthly&monthly-year=2023&2023-month=2023-03-31&country-id=de B097Q36RGV#B07W5VSTH4#B09KM1SHRH#B08LHBKG6Y#B093HCVYSN#B099XCQ56G#B097CZJHBM#B09K7T2ZN8#B098RCJVWD#B08LHFHYPR
scooter guys from 7 years#16#19#361#2#0,55%#7#36,84%#1#14,29%#70,99 €#-#0#1#0#4#21,05%#1#25%#73,70 €#-#0#0#0#0#0%#0#-#-#-#0#0#0#/brand-analytics/dashboard/query-detail?view-id=query-detail-asin-view&asin=B08LHFW932&search-term-freeform=scooter%20guys%20from%207%20years&reporting-range=monthly&monthly-year=2023&2023-month=2023-03-31&country-id=de B01MXSP14Q#B088FTSKK6#B005FHM4XE#B00BUXG14A#B07XF2YDVW#B08VW9HSHD#B00F7842X6#B08LHFW932#B09HGMNCN6#B088C19JY6
stunt scooter türkis#17#164#3.467#95#2,74%#82#50%#5#6,1%#70,00 €#-#0#2#10#12#7,32%#0#0%#70,00 €#-#0#1#2#2#1,22%#0#0%#59,90 €#-#0#0#1#/brand-analytics/dashboard/query-detail?view-id=query-detail-asin-view&asin=B08LHFW932&search-term-freeform=stunt%20scooter%20t%C3%BCrkis&reporting-range=monthly&monthly-year=2023&2023-month=2023-03-31&country-id=de B08QVQYYGJ#B08JYN8LSG#B08LHFW932#B0B18TK74G#B09K491BB6#B081K1W543#B0BKGJZMXL#B09818CKLD#B098RCJVWD#B0B28ZPSRQ
stunt+scooter+kinder#18#267#5.244#98#1,87%#122#45,69%#4#3,28%#61,19 €#-#0#9#19#15#5,62%#0#0%#58,90 €#-#0#1#3#1#0,37%#0#0%#74,99 €#-#0#0#0#/brand-analytics/dashboard/query-detail?view-id=query-detail-asin-view&asin=B08LHFW932&search-term-freeform=stunt%2Bscooter%2Bkinder&reporting-range=monthly&monthly-year=2023&2023-month=2023-03-31&country-id=de B093HCVYSN#B097Q36RGV#B098LN2KDZ#B00LPJV2K2#B0BGJCP57R#B08LHCY28L#B097CZJHBM#B083TSF2F8#B00RCMMHCS#B08QZYC287
roller für kinder#19#1.658#34.515#157#0,45%#530#31,97%#2#0,38%#43,99 €#-#2#65#64#70#4,22%#0#0%#38,90 €#-#0#14#5#4#0,24%#0#0%#29,99 €#-#0#0#0#/brand-analytics/dashboard/query-detail?view-id=query-detail-asin-view&asin=B08LHFW932&search-term-freeform=roller%20f%C3%BCr%20kinder&reporting-range=monthly&monthly-year=2023&2023-month=2023-03-31&country-id=de B095LM2WSK#B01DBTYH2I#B09P63SHPC#B08F5GD4L7#B0777QSQ6H#B00H4VSO9M#B08NK85G1T#B09BZSXWTB#B08BFFLN5B#B0B7NXR6L2
scooter roller#20#2.081#45.514#184#0,4%#543#26,09%#1#0,18%#63,52 €#-#2#41#103#45#2,16%#0#0%#54,99 €#-#0#3#5#6#0,29%#0#0%#54,80 €#-#0#1#0#/brand-analytics/dashboard/query-detail?view-id=query-detail-asin-view&asin=B08LHFW932&search-term-freeform=scooter%20roller&reporting-range=monthly&monthly-year=2023&2023-month=2023-03-31&country-id=de B097Q36RGV#B0B77WRKY5#B088FTSKK6#B000YD02MO#B09MW8T4QJ#B0B1869MDV#B078CK7BZ7#B08BRF2B3Z#B099XCQ56G#B00U2E9MXK
trick roller kinder 10 jahre#21#351#8.047#130#1,62%#116#33,05%#2#1,72%#69,49 €#-#0#13#29#18#5,13%#0#0%#69,49 €#-#0#1#4#2#0,57%#0#0%#74,49 €#-#0#0#0#/brand-analytics/dashboard/query-detail?view-id=query-detail-asin-view&asin=B08LHFW932&search-term-freeform=trick%20roller%20kinder%2010%20jahre&reporting-range=monthly&monthly-year=2023&2023-month=2023-03-31&country-id=de B097Q36RGV#B097CZJHBM#B099XCQ56G#B08FBQ6P53#B08BRG2H34#B07W5VSTH4#B083TSF2F8#B0751FNR26#B094J4LSQN#B08LHG67PP
albott scooter#22#191#4.212#90#2,14%#51#26,7%#3#5,88%#39,99 €#-#0#1#10#6#3,14%#0#0%#37,99 €#-#0#0#0#1#0,52%#0#0%#37,99 €#-#0#0#0#/brand-analytics/dashboard/query-detail?view-id=query-detail-asin-view&asin=B08LHFW932&search-term-freeform=albott%20scooter&reporting-range=monthly&monthly-year=2023&2023-month=2023-03-31&country-id=de B078CK7BZ7#B0751FNR26#B083TSF2F8#B097CZJHBM#B07PNKJB4L#B08LHFW932#B097D1LV7F#B08LHBWFJ4#B09JGBXY4L#B08RZ46ZPD
scooter für 10 jährige#23#594#11.896#156#1,31%#158#26,6%#1#0,63%#72,00 €#-#0#19#34#8#1,35%#0#0%#79,80 €#-#0#0#2#0#0%#0#-#-#-#0#0#0#/brand-analytics/dashboard/query-detail?view-id=query-detail-asin-view&asin=B08LHFW932&search-term-freeform=scooter%20f%C3%BCr%2010%20j%C3%A4hrige&reporting-range=monthly&monthly-year=2023&2023-month=2023-03-31&country-id=de B07W5VSTH4#B097Q36RGV#B0B1869MDV#B07G1975ZJ#B095PWB8NK#B000YD02MO#B07G1BPZ9Z#B098RCJVWD#B09FKTDLJS#B07GX4ZB7Q
stunt scooter 6 jahre#24#62#1.465#43#2,94%#44#70,97%#4#9,09%#66,54 €#-#0#4#8#2#3,23%#0#0%#63,89 €#-#0#1#0#0#0%#0#-#-#-#0#0#0#/brand-analytics/dashboard/query-detail?view-id=query-detail-asin-view&asin=B08LHFW932&search-term-freeform=stunt%20scooter%206%20jahre&reporting-range=monthly&monthly-year=2023&2023-month=2023-03-31&country-id=de B0B1VRLT2P#B00LPJV2K2#B09ND9VDXJ#B08K471XSY#B0B5TTQMQ9#B0751FNR26#B08LHFW932#B0BGJCP57R#B01L1Z1ZVA#B07Z51LW2Y
roller kinder 9 jahre jungen#26#205#4.836#98#2,03%#87#42,44%#2#2,3%#55,90 €#-#0#9#19#15#7,32%#0#0%#54,99 €#-#0#0#3#1#0,49%#0#0%#44,95 €#-#0#0#0#/brand-analytics/dashboard/query-detail?view-id=query-detail-asin-view&asin=B08LHFW932&search-term-freeform=roller%20kinder%209%20jahre%20jungen&reporting-range=monthly&monthly-year=2023&2023-month=2023-03-31&country-id=de B01II44D8O#B07S24HM1R#B00F7842X6#B005FHM4XE#B0BGJCV9MC#B099XCQ56G#B098RBSGNH#B096KHQ4NV#B08L4Z2MQK#B09TRQNG7N
roller 7 jahre junge#27#584#11.684#93#0,8%#242#41,44%#2#0,83%#55,99 €#-#0#21#28#29#4,97%#0#0%#50,22 €#-#0#1#2#2#0,34%#0#0%#41,80 €#-#0#0#0#/brand-analytics/dashboard/query-detail?view-id=query-detail-asin-view&asin=B08LHFW932&search-term-freeform=roller%207%20jahre%20junge&reporting-range=monthly&monthly-year=2023&2023-month=2023-03-31&country-id=de B07G1975ZJ#B095LM2WSK#B088H43P2D#B00H4VSO9M#B07S24HM1R#B005FHM4XE#B08FSVTCVY#B08YNYSTQX#B0789JX5QK#B08KQBYDV6
cityroller kinder ab 7 jahre#28#297#6.698#48#0,72%#114#38,38%#3#2,63%#58,99 €#-#0#8#16#9#3,03%#0#0%#58,99 €#-#0#0#1#3#1,01%#0#0%#72,49 €#-#0#0#0#/brand-analytics/dashboard/query-detail?view-id=query-detail-asin-view&asin=B08LHFW932&search-term-freeform=cityroller%20kinder%20ab%207%20jahre&reporting-range=monthly&monthly-year=2023&2023-month=2023-03-31&country-id=de B0789JX5QK#B095LM2WSK#B00CSSGNTO#B07S24HM1R#B00H4VSO9M#B077DH4SS2#B00CS3JMWE#B08SLNW4M2#B081DSTTXP#B0789J5NHQ
stunt scooter mit leuchträdern#29#85#1.661#44#2,65%#34#40%#3#8,82%#73,99 €#-#0#6#2#3#3,53%#0#0%#42,29 €#-#0#0#1#0#0%#0#-#-#-#0#0#0#/brand-analytics/dashboard/query-detail?view-id=query-detail-asin-view&asin=B08LHFW932&search-term-freeform=stunt%20scooter%20mit%20leuchtr%C3%A4dern&reporting-range=monthly&monthly-year=2023&2023-month=2023-03-31&country-id=de B08LHCT4TL#B088C16XTH#B08LHFW932#B00CS3JMWE#B09CDR9B89#B07WLNCYV8#B08KQBYDV6#B09MQQ5FXR#B08LHDRFPR#B0BGJCP57R
stuntroller junge#30#398#8.165#81#0,99%#148#37,19%#2#1,35%#66,54 €#-#0#11#20#15#3,77%#0#0%#69,99 €#-#0#1#1#1#0,25%#0#0%#89,90 €#-#0#0#0#/brand-analytics/dashboard/query-detail?view-id=query-detail-asin-view&asin=B08LHFW932&search-term-freeform=stuntroller%20junge&reporting-range=monthly&monthly-year=2023&2023-month=2023-03-31&country-id=de B08LHBWFJ4#B0751FNR26#B097Q36RGV#B07K8YWWQK#B08K471XSY#B08LHFHYPR#B08C2X89H6#B07GX4ZB7Q#B0875STS4V#B01KIDNTU6
stuntroller für 12 jährigen jungen freestyle roller regenbogen#31#234#5.074#117#2,31%#111#47,44%#1#0,9%#64,99 €#-#0#5#16#23#9,83%#0#0%#65,44 €#-#0#4#4#5#2,14%#0#0%#54,99 €#-#0#1#1#/brand-analytics/dashboard/query-detail?view-id=query-detail-asin-view&asin=B08LHFW932&search-term-freeform=stuntroller%20f%C3%BCr%2012%20j%C3%A4hrigen%20jungen%20freestyle%20roller%20regenbogen&reporting-range=monthly&monthly-year=2023&2023-month=2023-03-31&country-id=de B08C2X89H6#B01II44D8O#B08K471XSY#B093HCVYSN#B07Z51LW2Y#B098RCF5S6#B07K8YWWQK#B07ZP7J7HF#B07PNKJB4L#B07SS5223T
scooter kinder 10 jahre#32#171#3.550#61#1,72%#59#34,5%#2#3,39%#60,58 €#-#0#7#11#4#2,34%#0#0%#38,30 €#-#0#0#3#0#0%#0#-#-#-#0#0#0#/brand-analytics/dashboard/query-detail?view-id=query-detail-asin-view&asin=B08LHFW932&search-term-freeform=scooter%20kinder%2010%20jahre&reporting-range=monthly&monthly-year=2023&2023-month=2023-03-31&country-id=de B07W5VSTH4#B099XCQ56G#B08LHBKG6Y#B097CZJHBM#B077SJXFTV#B08LHFW932#B09MW8T4QJ#B08FBQ6P53#B0BGJCV9MC#B083TSF2F8
kinder roller ab 10 jahren#33#183#3.473#96#2,76%#55#30,05%#1#1,82%#66,54 €#-#0#4#7#5#2,73%#0#0%#76,49 €#-#0#2#1#0#0%#0#-#-#-#0#0#0#/brand-analytics/dashboard/query-detail?view-id=query-detail-asin-view&asin=B08LHFW932&search-term-freeform=kinder%20roller%20ab%2010%20jahren&reporting-range=monthly&monthly-year=2023&2023-month=2023-03-31&country-id=de B08YNYSTQX#B08LHFW932#B09MW8T4QJ#B08BRF2B3Z#B0BGJCP57R#B01DBTYH2I#B0B3XLT1D4#B077F16JKM#B09L4TJ5SR#B08BFNGH3K
spring roller kinder#34#18#374#15#4,01%#7#38,89%#3#42,86%#68,90 €#-#0#0#1#2#11,11%#0#0%#29,99 €#-#0#0#1#1#5,56%#0#0%#68,90 €#-#0#0#1#/brand-analytics/dashboard/query-detail?view-id=query-detail-asin-view&asin=B08LHFW932&search-term-freeform=spring%20roller%20kinder&reporting-range=monthly&monthly-year=2023&2023-month=2023-03-31&country-id=de B0751FNR26#B07H1LH7C6#B09KM1SHRH#B097CZJHBM#B0BGJCP57R#B098RCN6BP#B08LHFW932#B0899ZLF9D#B08PDJJM7S#B00CS3JOJA
stant rola#35#80#1.606#47#2,93%#28#35%#2#7,14%#69,00 €#-#0#0#6#3#3,75%#0#0%#69,00 €#-#0#0#1#0#0%#0#-#-#-#0#0#0#/brand-analytics/dashboard/query-detail?view-id=query-detail-asin-view&asin=B08LHFW932&search-term-freeform=stant%20rola&reporting-range=monthly&monthly-year=2023&2023-month=2023-03-31&country-id=de B0751FNR26#B097Q36RGV#B097CZJHBM#B08LHCY28L#B098RCJVWD#B00CS3K4K8#B07H1LH7C6#B07WLNCYV8#B08LHFW932#B07XMFB842
stunt scooter abec 9#36#84#1.696#44#2,59%#38#45,24%#2#5,26%#75,99 €#-#0#4#7#1#1,19%#0#0%#44,95 €#-#0#0#0#0#0%#0#-#-#-#0#0#0#/brand-analytics/dashboard/query-detail?view-id=query-detail-asin-view&asin=B08LHFW932&search-term-freeform=stunt%20scooter%20abec%209&reporting-range=monthly&monthly-year=2023&2023-month=2023-03-31&country-id=de B0751FNR26#B0789FRLT7#B08R42VW1B#B09K7T2ZN8#B097N51GTJ#B08LHBWFJ4#B091M7RFH1#B08LHFW932#B098RCJVWD#B0B3HBTKG6
stunt scooter ab 7 jahre#37#117#2.349#42#1,79%#56#47,86%#2#3,57%#70,99 €#-#0#5#10#7#5,98%#0#0%#69,49 €#-#0#0#0#3#2,56%#0#0%#80,00 €#-#0#0#0#/brand-analytics/dashboard/query-detail?view-id=query-detail-asin-view&asin=B08LHFW932&search-term-freeform=stunt%20scooter%20ab%207%20jahre&reporting-range=monthly&monthly-year=2023&2023-month=2023-03-31&country-id=de B0751FNR26#B088H43P2D#B088FTSKK6#B07K8YWWQK#B08CMVTH5Q#B08BR2726L#B08DSF2T52#B08LHDRFPR#B078CK7BZ7#B09QG5SDHN
standrollerr#38#141#3.171#32#1,01%#29#20,57%#2#6,9%#99,90 €#-#0#5#3#9#6,38%#0#0%#109,80 €#-#0#0#0#0#0%#0#-#-#-#0#0#0#/brand-analytics/dashboard/query-detail?view-id=query-detail-asin-view&asin=B08LHFW932&search-term-freeform=standrollerr&reporting-range=monthly&monthly-year=2023&2023-month=2023-03-31&country-id=de B00RCMMHCS#B07GX4ZB7Q#B098LN2KDZ#B098RCF5S6#B09K7T2ZN8#B08C2X89H6#B07WXK75RH#B097Q36RGV#B087J8VJL4#B08R7TMV7B
cityroller kinder ab 6 jahre#39#3.505#70.262#30#0,04%#1.251#35,69%#2#0,16%#54,38 €#-#2#118#145#172#4,91%#0#0%#49,99 €#-#0#19#26#22#0,63%#0#0%#49,70 €#-#0#3#4#/brand-analytics/dashboard/query-detail?view-id=query-detail-asin-view&asin=B08LHFW932&search-term-freeform=cityroller%20kinder%20ab%206%20jahre&reporting-range=monthly&monthly-year=2023&2023-month=2023-03-31&country-id=de B07G1975ZJ#B01DBTYH2I#B09XX7B7S5#B07S24HM1R#B08YNYSTQX#B0B1869MDV#B00CSSGMPE#B08KQBYDV6#B08FFTNRYG#B08KQB62F2
sport roller#40#230#5.397#65#1,2%#72#31,3%#1#1,39%#19,90 €#-#6#39#8#10#4,35%#0#0%#19,90 €#-#0#6#0#2#0,87%#0#0%#16,99 €#-#0#1#0#/brand-analytics/dashboard/query-detail?view-id=query-detail-asin-view&asin=B08LHFW932&search-term-freeform=sport%20roller&reporting-range=monthly&monthly-year=2023&2023-month=2023-03-31&country-id=de B08F4FCQ8X#B09DQ1FYSM#B078CK7BZ7#B07X7DVJ5Z#B081Z7BBMB#B09K7R8TM7#B09GK66VY5#B08DD5M9KX#B08DNQT1Q8#B083TSF2F8
roller ab 10 jahre jungen#41#133#2.619#64#2,44%#47#35,34%#1#2,13%#62,63 €#-#0#6#7#6#4,51%#0#0%#52,90 €#-#0#0#1#1#0,75%#0#0%#29,99 €#-#0#0#0#/brand-analytics/dashboard/query-detail?view-id=query-detail-asin-view&asin=B08LHFW932&search-term-freeform=roller%20ab%2010%20jahre%20jungen&reporting-range=monthly&monthly-year=2023&2023-month=2023-03-31&country-id=de B07G1975ZJ#B000YD02MO#B08YNYSTQX#B09MW8T4QJ#B0789JX5QK#B08LHFHYPR#B09Y5QVB88#B08PDH4ZWT#B07HKFSBPY#B087JHMR7T
scooter ab 7 jahre jungen#42#63#1.242#26#2,09%#28#44,44%#2#7,14%#54,80 €#-#0#4#4#3#4,76%#0#0%#54,80 €#-#0#1#1#1#1,59%#0#0%#54,80 €#-#0#0#1#/brand-analytics/dashboard/query-detail?view-id=query-detail-asin-view&asin=B08LHFW932&search-term-freeform=scooter%20ab%207%20jahre%20jungen&reporting-range=monthly&monthly-year=2023&2023-month=2023-03-31&country-id=de B088FTSKK6#B088H43P2D#B095LM2WSK#B005FHM4XE#B08KQBYDV6#B000YD02MO#B0B77WRKY5#B08LHFW932#B07G1BPZ9Z#B098LN2KDZ
roller sport#43#98#2.537#23#0,91%#32#32,65%#2#6,25%#20,99 €#-#3#5#7#4#4,08%#0#0%#25,94 €#-#1#1#0#1#1,02%#0#0%#28,97 €#-#0#1#0#/brand-analytics/dashboard/query-detail?view-id=query-detail-asin-view&asin=B08LHFW932&search-term-freeform=roller%20sport&reporting-range=monthly&monthly-year=2023&2023-month=2023-03-31&country-id=de B09DQ1FYSM#B09K7R8TM7#B081Z7BBMB#B07X7DVJ5Z#B08LHFXHGH#B078CK7BZ7#B01MRIPPO8#B018NMBZ2I#B08F5DS24L#B08PD5PWRG
stunt roller kinder ab 10 jahre#44#126#2.836#60#2,12%#50#39,68%#1#2%#56,90 €#-#1#9#7#8#6,35%#0#0%#49,99 €#-#0#1#1#1#0,79%#0#0%#63,36 €#-#0#0#0#/brand-analytics/dashboard/query-detail?view-id=query-detail-asin-view&asin=B08LHFW932&search-term-freeform=stunt%20roller%20kinder%20ab%2010%20jahre&reporting-range=monthly&monthly-year=2023&2023-month=2023-03-31&country-id=de B08FBQ6P53#B099XCQ56G#B098RCJVWD#B093HCVYSN#B08K471XSY#B073ZM9K2B#B08LHFHYPR#B08PDKYM6T#B08DSF2T52#B07K5B8M5K
roller freestyle mini#45#21#399#14#3,51%#20#95,24%#2#10%#49,99 €#-#0#0#0#0#0%#0#-#-#-#0#0#0#0#0%#0#-#-#-#0#0#0#/brand-analytics/dashboard/query-detail?view-id=query-detail-asin-view&asin=B08LHFW932&search-term-freeform=roller%20freestyle%20mini&reporting-range=monthly&monthly-year=2023&2023-month=2023-03-31&country-id=de B083TSF2F8#B09PZ74122#B07B51F93C#B08LHFW932#B08LHBKG6Y#B08LHF2ZMR#B07MNKD4VN#B071V927LX#B08LHCT4TL#B0B7HQRPZM
roller kinder#46#15.348#329.776#88#0,03%#4.805#31,31%#0#0%#50,41 €#-#24#533#894#543#3,54%#0#0%#49,80 €#-#3#60#109#77#0,5%#0#0%#45,99 €#-#0#8#13#/brand-analytics/dashboard/query-detail?view-id=query-detail-asin-view&asin=B08LHFW932&search-term-freeform=roller%20kinder&reporting-range=monthly&monthly-year=2023&2023-month=2023-03-31&country-id=de B0B77WRKY5#B083XM9HG8#B096JZMNG1#B00H4VSO9M#B09P63SHPC#B0777QSQ6H#B08F5GD4L7#B08YNYSTQX#B07MWF1B6R#B077F16JKM
stadt roller#47#93#1.805#51#2,83%#42#45,16%#1#2,38%#70,39 €#-#0#2#4#0#0%#0#-#-#-#0#0#0#0#0%#0#-#-#-#0#0#0#/brand-analytics/dashboard/query-detail?view-id=query-detail-asin-view&asin=B08LHFW932&search-term-freeform=stadt%20roller&reporting-range=monthly&monthly-year=2023&2023-month=2023-03-31&country-id=de B000YD02MO#B08LHFW932#B095PXJRLT#B07WLNCYV8#B09M1L566P#B00CRFB4MY#B08CVBVKNC#B08FQNLDGK#B07W5VSTH4#B00CSSGQJQ
scooter kinder 6 jahre#48#168#3.671#46#1,25%#65#38,69%#1#1,54%#62,04 €#-#0#9#10#10#5,95%#0#0%#55,61 €#-#0#1#3#0#0%#0#-#-#-#0#0#0#/brand-analytics/dashboard/query-detail?view-id=query-detail-asin-view&asin=B08LHFW932&search-term-freeform=scooter%20kinder%206%20jahre&reporting-range=monthly&monthly-year=2023&2023-month=2023-03-31&country-id=de B09XX7B7S5#B000YD02MO#B088C16XTH#B09HH83JC8#B093H2BGPS#B07S24HM1R#B0B1869MDV#B07MLJFNHY#B08KQB62F2#B07K593F8C
roller kinder 9 jahre mädchen#49#337#6.978#44#0,63%#141#41,84%#1#0,71%#59,99 €#-#0#11#13#15#4,45%#0#0%#59,90 €#-#0#2#0#1#0,3%#0#0%#37,86 €#-#0#1#0#/brand-analytics/dashboard/query-detail?view-id=query-detail-asin-view&asin=B08LHFW932&search-term-freeform=roller%20kinder%209%20jahre%20m%C3%A4dchen&reporting-range=monthly&monthly-year=2023&2023-month=2023-03-31&country-id=de B0B77WRKY5#B00CS3JOJA#B077SJXFTV#B005FHM4XE#B0B1869MDV#B00U2E9MKI#B01DBTYH2I#B0B9XW4JMH#B09N3HDB54#B07CSVXD5S
scooter kinder 6 jahre junge#50#22#457#7#1,53%#9#40,91%#2#22,22%#69,49 €#-#0#0#1#2#9,09%#0#0%#55,26 €#-#0#0#0#0#0%#0#-#-#-#0#0#0#/brand-analytics/dashboard/query-detail?view-id=query-detail-asin-view&asin=B08LHFW932&search-term-freeform=scooter%20kinder%206%20jahre%20junge&reporting-range=monthly&monthly-year=2023&2023-month=2023-03-31&country-id=de B09ND9VDXJ#B0B1L6GWGH#B08SLNW4M2#B08LHFW932#B00F7842X6#B098LN2KDZ#B093HCVYSN#B00405CR1G#B08LHDRFPR#B09NVTFK7F
standroller für jungs#51#2#38#2#5,26%#2#100%#2#100%#-#-#0#0#0#0#0%#0#-#-#-#0#0#0#0#0%#0#-#-#-#0#0#0#/brand-analytics/dashboard/query-detail?view-id=query-detail-asin-view&asin=B08LHFW932&search-term-freeform=standroller%20f%C3%BCr%20jungs&reporting-range=monthly&monthly-year=2023&2023-month=2023-03-31&country-id=de B08C2X89H6#B07W5VSTH4#B01DBTYI90#B07H1LH7C6#B08LHFW932#B00RCMMHCS#B00CSSGNTO#B005FHM4XE#B00F7842X6#B07KCGPZJF
stunt roller grün#52#73#1.531#36#2,35%#29#39,73%#1#3,45%#55,90 €#-#0#1#7#6#8,22%#0#0%#56,36 €#-#0#0#1#1#1,37%#0#0%#89,90 €#-#0#0#0#/brand-analytics/dashboard/query-detail?view-id=query-detail-asin-view&asin=B08LHFW932&search-term-freeform=stunt%20roller%20gr%C3%BCn&reporting-range=monthly&monthly-year=2023&2023-month=2023-03-31&country-id=de B09NDC9SXZ#B098RBSGNH#B08LVKYGMV#B099XCQ56G#B08LHFW932
roller für kinder ab 6#53#100#2.143#33#1,54%#43#43%#1#2,33%#61,19 €#-#0#9#11#5#5%#0#0%#89,97 €#-#0#0#1#0#0%#0#-#-#-#0#0#0#/brand-analytics/dashboard/query-detail?view-id=query-detail-asin-view&asin=B08LHFW932&search-term-freeform=roller%20f%C3%BCr%20kinder%20ab%206&reporting-range=monthly&monthly-year=2023&2023-month=2023-03-31&country-id=de B0B77WRKY5#B077F16JKM#B0B3XLT1D4#B08YNYSTQX#B00NEWXYQS#B08FFTNRYG#B00CSSGNTO#B08YK85X8H#B000YD02MO#B00UW3DZC0
roller kinder 12 jahre jungen#54#282#5.487#32#0,58%#99#35,11%#1#1,01%#59,50 €#-#1#18#11#17#6,03%#0#0%#59,73 €#-#0#0#2#3#1,06%#0#0%#59,73 €#-#0#0#1#/brand-analytics/dashboard/query-detail?view-id=query-detail-asin-view&asin=B08LHFW932&search-term-freeform=roller%20kinder%2012%20jahre%20jungen&reporting-range=monthly&monthly-year=2023&2023-month=2023-03-31&country-id=de B00F7842X6#B07S24HM1R#B077SJXFTV#B097CZJHBM#B00CRFB3X4#B09M1RR5RW#B095PX83S6#B07G1BPZ9Z#B0789JX5QK#B08LHDRFPR
roller ab 5 jahre#55#1.811#36.674#31#0,08%#802#44,28%#1#0,12%#59,99 €#-#3#97#136#84#4,64%#0#0%#55,61 €#-#1#7#17#7#0,39%#0#0%#57,99 €#-#0#1#1#/brand-analytics/dashboard/query-detail?view-id=query-detail-asin-view&asin=B08LHFW932&search-term-freeform=roller%20ab%205%20jahre&reporting-range=monthly&monthly-year=2023&2023-month=2023-03-31&country-id=de B0B77WRKY5#B07MLJFNHY#B00CSSGNTO#B083XRD3BM#B000YD02MO#B07MW5VTMC#B095LM2WSK#B083XM9HG8#B08YNYSTQX#B077F16JKM
e-scooter kinder ab 6#56#224#4.360#67#1,54%#82#36,61%#0#0%#149,99 €#-#0#2#25#2#0,89%#0#0%#60,48 €#-#0#0#1#0#0%#0#-#-#-#0#0#0#/brand-analytics/dashboard/query-detail?view-id=query-detail-asin-view&asin=B08LHFW932&search-term-freeform=e-scooter%20kinder%20ab%206&reporting-range=monthly&monthly-year=2023&2023-month=2023-03-31&country-id=de B09HH83JC8#B09NVTFK7F#B09XX7B7S5#B0B77WRKY5#B09ZV7FMBQ#B09KNNRX39#B0B8232536#B0BJL5318Y#B09FKTDLJS#B00465S2PU
roller scooter kinder#57#178#3.544#30#0,85%#41#23,03%#1#2,44%#49,99 €#-#0#3#8#12#6,74%#0#0%#49,99 €#-#0#2#1#1#0,56%#0#0%#47,99 €#-#0#0#0#/brand-analytics/dashboard/query-detail?view-id=query-detail-asin-view&asin=B08LHFW932&search-term-freeform=roller%20scooter%20kinder&reporting-range=monthly&monthly-year=2023&2023-month=2023-03-31&country-id=de B0B77WRKY5#B000YD02MO#B08VW18YW8#B083XRD3BM#B093H2BGPS#B09TZV3BGD#B0B28VLYMS#B07RF2PR2S#B07G1975ZJ#B08L4Z2MQK
scooter ständer#58#1.179#28.911#67#0,23%#396#33,59%#0#0%#11,09 €#-#43#141#87#54#4,58%#0#0%#11,20 €#-#12#21#13#24#2,04%#0#0%#10,99 €#-#8#10#6#/brand-analytics/dashboard/query-detail?view-id=query-detail-asin-view&asin=B08LHFW932&search-term-freeform=scooter%20st%C3%A4nder&reporting-range=monthly&monthly-year=2023&2023-month=2023-03-31&country-id=de B09DYFDQL2#B08FLGHGG1#B096DJY9RZ#B07WRX9B8Y#B09L6VYTQ5#B09JM21HCM#B08HD5D4NZ#B09K3VY8Q1#B011B221MK#B011B221GQ
kinder roller ab 6 jahren#59#322#6.565#29#0,44%#116#36,02%#1#0,86%#49,99 €#-#0#12#19#17#5,28%#0#0%#46,99 €#-#0#2#2#4#1,24%#0#0%#35,99 €#-#0#0#0#/brand-analytics/dashboard/query-detail?view-id=query-detail-asin-view&asin=B08LHFW932&search-term-freeform=kinder%20roller%20ab%206%20jahren&reporting-range=monthly&monthly-year=2023&2023-month=2023-03-31&country-id=de B0789JX5QK#B083XM9HG8#B01DBTYH2I#B095LM2WSK#B0BKLDJVR4#B0B1869MDV#B0B3XLT1D4#B08BRF2B3Z#B08SLNW4M2#B08ML4FRZ6
roller kinder ab 6#60#98#2.131#29#1,36%#34#34,69%#1#2,94%#59,00 €#-#0#8#4#4#4,08%#0#0%#76,99 €#-#0#2#0#0#0%#0#-#-#-#0#0#0#/brand-analytics/dashboard/query-detail?view-id=query-detail-asin-view&asin=B08LHFW932&search-term-freeform=roller%20kinder%20ab%206&reporting-range=monthly&monthly-year=2023&2023-month=2023-03-31&country-id=de B0B77WRKY5#B00CS3JLFW#B00F7842X6#B0B3XLT1D4#B0789JX5QK#B09XX7B7S5#B09HH83JC8#B07G1975ZJ#B08BRG2H34#B00CS3JOJA
scooter kinder ab 6 jahre#61#5.381#111.626#66#0,06%#2.089#38,82%#0#0%#58,48 €#-#9#184#362#252#4,68%#0#0%#56,36 €#-#2#34#34#34#0,63%#0#0%#59,53 €#-#0#11#4#/brand-analytics/dashboard/query-detail?view-id=query-detail-asin-view&asin=B08LHFW932&search-term-freeform=scooter%20kinder%20ab%206%20jahre&reporting-range=monthly&monthly-year=2023&2023-month=2023-03-31&country-id=de B0789JX5QK#B077DY3VC5#B09XX7B7S5#B000YD02MO#B0B1VRLT2P#B08LHDRFPR#B08YNYSTQX#B0B77WRKY5#B00CSSGMPE#B07G1975ZJ
kids scooter 5-10 years#62#240#5.038#26#0,52%#81#33,75%#1#1,23%#58,99 €#-#0#10#11#8#3,33%#0#0%#59,90 €#-#0#0#0#1#0,42%#0#0%#84,00 €#-#0#0#0#/brand-analytics/dashboard/query-detail?view-id=query-detail-asin-view&asin=B08LHFW932&search-term-freeform=kids%20scooter%205-10%20years&reporting-range=monthly&monthly-year=2023&2023-month=2023-03-31&country-id=de B0B77WRKY5#B0B1F5R4JL#B093T3J8Y8#B08BRF2B3Z#B005FHM4XE#B077F16JKM#B09SLNLJ8N#B0B1869MDV#B07GX4ZB7Q#B08KP3MSGK
roller kind 6 jahre#63#69#1.580#25#1,58%#28#40,58%#1#3,57%#69,90 €#-#1#3#1#2#2,9%#0#0%#46,38 €#-#0#0#0#1#1,45%#0#0%#79,95 €#-#0#0#0#/brand-analytics/dashboard/query-detail?view-id=query-detail-asin-view&asin=B08LHFW932&search-term-freeform=roller%20kind%206%20jahre&reporting-range=monthly&monthly-year=2023&2023-month=2023-03-31&country-id=de B095LM2WSK#B000YD02MO#B0789JX5QK#B0B3XLT1D4#B0B1869MDV#B08KQB62F2#B091C5C24B#B08SLNW4M2#B08LHFW932#B08LHFHYPR
stunt scooter fortgeschrittene#64#119#2.524#25#0,99%#24#20,17%#1#4,17%#100,84 €#-#0#2#6#5#4,2%#0#0%#140,93 €#-#0#0#0#0#0%#0#-#-#-#0#0#0#/brand-analytics/dashboard/query-detail?view-id=query-detail-asin-view&asin=B08LHFW932&search-term-freeform=stunt%20scooter%20fortgeschrittene&reporting-range=monthly&monthly-year=2023&2023-month=2023-03-31&country-id=de B09R27QQMZ#B09G6TKWDP#B097Q36RGV#B08LHFW932#B084ZTJZM9
roller ab 7#65#207#4.107#23#0,56%#70#33,82%#1#1,43%#66,99 €#-#0#9#17#11#5,31%#0#0%#54,99 €#-#0#3#2#2#0,97%#0#0%#54,99 €#-#0#0#1#/brand-analytics/dashboard/query-detail?view-id=query-detail-asin-view&asin=B08LHFW932&search-term-freeform=roller%20ab%207&reporting-range=monthly&monthly-year=2023&2023-month=2023-03-31&country-id=de B095LM2WSK#B07G1BPZ9Z#B09MW8T4QJ#B00H4VSO9M#B09PQR56GK#B005FHM4XE#B088H43P2D#B08FSVTCVY#B098RCJVWD#B08BFNGH3K
roller kinder grün#66#63#1.284#23#1,79%#25#39,68%#1#4%#52,99 €#-#0#4#2#6#9,52%#0#0%#54,90 €#-#0#2#1#0#0%#0#-#-#-#0#0#0#/brand-analytics/dashboard/query-detail?view-id=query-detail-asin-view&asin=B08LHFW932&search-term-freeform=roller%20kinder%20gr%C3%BCn&reporting-range=monthly&monthly-year=2023&2023-month=2023-03-31&country-id=de B07G1975ZJ#B07RK8CW8F#B07MWFC3WF#B08BFFLN5B#B08YRJFHWM#B08NK7LF7Q#B01DBTYI90#B07MWDT189#B09CQBVR35#B08KQBYDV6
roller für kinder ab 10#67#44#1.039#22#2,12%#29#65,91%#1#3,45%#55,26 €#-#0#0#3#1#2,27%#0#0%#23,95 €#-#0#0#0#0#0%#0#-#-#-#0#0#0#/brand-analytics/dashboard/query-detail?view-id=query-detail-asin-view&asin=B08LHFW932&search-term-freeform=roller%20f%C3%BCr%20kinder%20ab%2010&reporting-range=monthly&monthly-year=2023&2023-month=2023-03-31&country-id=de B0B77WRKY5#B07G1975ZJ#B07S24HM1R#B099XCQ56G#B000YD02MO#B08LHFW932#B07M85LNVZ#B073ZM9K2B#B09L4TJ5SR#B0733G6XPL
roller kinder 6 jahre grün#68#33#761#22#2,89%#14#42,42%#1#7,14%#62,99 €#-#0#1#2#4#12,12%#0#0%#63,52 €#-#0#0#1#3#9,09%#0#0%#62,99 €#-#0#0#0#/brand-analytics/dashboard/query-detail?view-id=query-detail-asin-view&asin=B08LHFW932&search-term-freeform=roller%20kinder%206%20jahre%20gr%C3%BCn&reporting-range=monthly&monthly-year=2023&2023-month=2023-03-31&country-id=de B0B77WRKY5#B0789K4B9F#B08BFFLN5B#B00F7842X6#B08LHFW932#B0B1F8CHZL#B08KQBYDV6#B08SLNW4M2#B08YNYSTQX#B09YD5F97M
roller für 5 jährige jungs#69#61#1.167#19#1,63%#18#29,51%#1#5,56%#55,26 €#-#0#0#2#7#11,48%#0#0%#49,80 €#-#0#0#1#0#0%#0#-#-#-#0#0#0#/brand-analytics/dashboard/query-detail?view-id=query-detail-asin-view&asin=B08LHFW932&search-term-freeform=roller%20f%C3%BCr%205%20j%C3%A4hrige%20jungs&reporting-range=monthly&monthly-year=2023&2023-month=2023-03-31&country-id=de B0B77WRKY5#B07G1975ZJ#B08424XBCP#B08DKY8N63#B0B1869MDV#B08BFNGH3K#B07S24HM1R#B07GXRFV39#B095LM2WSK#B072XQTSMM
stunt roller pink#70#83#1.619#19#1,17%#38#45,78%#1#2,63%#54,99 €#-#0#5#13#5#6,02%#0#0%#55,36 €#-#0#0#1#0#0%#0#-#-#-#0#0#0#/brand-analytics/dashboard/query-detail?view-id=query-detail-asin-view&asin=B08LHFW932&search-term-freeform=stunt%20roller%20pink&reporting-range=monthly&monthly-year=2023&2023-month=2023-03-31&country-id=de B08QZZM66M#B07XF2YDVW#B07K593F8C#B07HKH7R4M#B06XY8HPBG#B097D1LV7F#B09XQR3TM7#B09JGC4MTH#B00CS3JOJA#B07X9X9H1D
scooter mint#71#35#667#18#2,7%#14#40%#1#7,14%#89,75 €#-#0#0#0#2#5,71%#0#0%#90,74 €#-#0#0#0#0#0%#0#-#-#-#0#0#0#/brand-analytics/dashboard/query-detail?view-id=query-detail-asin-view&asin=B08LHFW932&search-term-freeform=scooter%20mint&reporting-range=monthly&monthly-year=2023&2023-month=2023-03-31&country-id=de B07XCZSCWL#B09GVZ5RL4#B08FQNLDGK#B08LHFW932#B014LHCIVG#B0B77WRKY5#B093T5RY9B#B088FSL71S#B08H8MVF4H#B0922RNBTV
roller ab 10#72#106#2.123#54#2,54%#28#26,42%#0#0%#79,95 €#-#0#6#5#6#5,66%#0#0%#67,99 €#-#0#1#1#0#0%#0#-#-#-#0#0#0#/brand-analytics/dashboard/query-detail?view-id=query-detail-asin-view&asin=B08LHFW932&search-term-freeform=roller%20ab%2010&reporting-range=monthly&monthly-year=2023&2023-month=2023-03-31&country-id=de B000YD02MO#B07S24HM1R#B08LHBKG6Y#B0B1869MDV#B09KCFXMB8#B073ZM9K2B#B0B77YDBFY#B09YD5BRNH#B00405CR1G#B08LHCY28L
roller kinder kleine räder#73#29#574#16#2,79%#10#34,48%#1#10%#55,45 €#-#0#0#2#1#3,45%#0#0%#-#-#0#0#0#0#0%#0#-#-#-#0#0#0#/brand-analytics/dashboard/query-detail?view-id=query-detail-asin-view&asin=B08LHFW932&search-term-freeform=roller%20kinder%20kleine%20r%C3%A4der&reporting-range=monthly&monthly-year=2023&2023-month=2023-03-31&country-id=de B088C16XTH#B096JZMNG1#B00PCGYB4S#B0777QSQ6H#B08LHFW932#B00CS3JOJA#B07K57PTZR#B0B5QW1JSY#B08DKY8N63#B077DX9Y6Z
scooter kinder ab 12#75#58#1.092#15#1,37%#17#29,31%#1#5,88%#64,27 €#-#0#0#9#2#3,45%#0#0%#39,31 €#-#0#0#2#0#0%#0#-#-#-#0#0#0#/brand-analytics/dashboard/query-detail?view-id=query-detail-asin-view&asin=B08LHFW932&search-term-freeform=scooter%20kinder%20ab%2012&reporting-range=monthly&monthly-year=2023&2023-month=2023-03-31&country-id=de B08LHFW932#B085CDRR2K#B07VZN3MGN#B00LPJV2K2#B08K2TNQ8G#B09KMJ4LF7#B01KIDNTU6#B08XYQ9F9R#B08T9LHQFN#B083TSF2F8
stunt roller ab 11 jahre#76#30#571#15#2,63%#9#30%#1#11,11%#79,99 €#-#0#1#0#1#3,33%#0#0%#109,80 €#-#0#0#0#0#0%#0#-#-#-#0#0#0#/brand-analytics/dashboard/query-detail?view-id=query-detail-asin-view&asin=B08LHFW932&search-term-freeform=stunt%20roller%20ab%2011%20jahre&reporting-range=monthly&monthly-year=2023&2023-month=2023-03-31&country-id=de B0751FNR26#B088FTSKK6#B08LHCT4TL#B078CK7BZ7#B0B5T9T3LG#B08LHDRFPR#B098RCF5S6#B08LHFW932#B08LHFHYPR#B098R458QD
e scooter kinder ab 12#77#707#14.927#50#0,33%#324#45,83%#0#0%#190,58 €#-#2#29#53#21#2,97%#0#0%#219,99 €#-#0#2#4#2#0,28%#0#0%#186,99 €#-#0#0#2#/brand-analytics/dashboard/query-detail?view-id=query-detail-asin-view&asin=B08LHFW932&search-term-freeform=e%20scooter%20kinder%20ab%2012&reporting-range=monthly&monthly-year=2023&2023-month=2023-03-31&country-id=de B09HH83JC8#B09FKTDLJS#B09NVTFK7F#B09KNNRX39#B07MLF3SC2#B07PNJQF5N#B09MTCZXNS#B0BFWTBDJL#B09KBYXBZS#B09NXWCXG4
ständer für roller kinder#78#95#2.090#50#2,39%#30#31,58%#0#0%#18,96 €#-#3#13#4#2#2,11%#0#0%#8,99 €#-#0#0#0#0#0%#0#-#-#-#0#0#0#/brand-analytics/dashboard/query-detail?view-id=query-detail-asin-view&asin=B08LHFW932&search-term-freeform=st%C3%A4nder%20f%C3%BCr%20roller%20kinder&reporting-range=monthly&monthly-year=2023&2023-month=2023-03-31&country-id=de B09JM21HCM#B09DYFDQL2#B00CRFB4MY#B098RCF5S6#B0922ND918#B000YD02MO#B08XYNLFH6#B09NZBQ73T#B07KCGPZJF#B09MQQ5FXR
e roller kinder ab 10#79#523#10.911#48#0,44%#209#39,96%#0#0%#149,99 €#-#1#15#30#19#3,63%#0#0%#189,00 €#-#0#0#3#1#0,19%#0#0%#149,99 €#-#0#0#0#/brand-analytics/dashboard/query-detail?view-id=query-detail-asin-view&asin=B08LHFW932&search-term-freeform=e%20roller%20kinder%20ab%2010&reporting-range=monthly&monthly-year=2023&2023-month=2023-03-31&country-id=de B07PNJQF5N#B09FKTDLJS#B0BD855NJG#B09NVTFK7F#B09KNNRX39#B09NXWCXG4#B09HH83JC8#B0BFWTBDJL#B07MLF3SC2#B09KCFXMB8
roller kinder ab 10#80#78#1.545#11#0,71%#34#43,59%#1#2,94%#60,49 €#-#0#1#6#1#1,28%#0#0%#106,88 €#-#0#0#1#1#1,28%#0#0%#105,99 €#-#0#0#1#/brand-analytics/dashboard/query-detail?view-id=query-detail-asin-view&asin=B08LHFW932&search-term-freeform=roller%20kinder%20ab%2010&reporting-range=monthly&monthly-year=2023&2023-month=2023-03-31&country-id=de B0B77WRKY5#B000YD02MO#B09HGMNCN6#B09KCFXMB8#B0789JX5QK#B08BRG2H34#B08NP1TS5R#B081DSTTXP#B08CVB65CH#B082QJ36MN
stunt scooter 70 cm hoch#81#65#1.328#11#0,83%#38#58,46%#1#2,63%#58,07 €#-#0#1#1#2#3,08%#0#0%#49,90 €#-#0#0#0#1#1,54%#0#0%#49,90 €#-#0#0#0#/brand-analytics/dashboard/query-detail?view-id=query-detail-asin-view&asin=B08LHFW932&search-term-freeform=stunt%20scooter%2070%20cm%20hoch&reporting-range=monthly&monthly-year=2023&2023-month=2023-03-31&country-id=de B08K471XSY#B094J4LSQN#B07K8YWWQK#B09LQKCSKX#B097HGXJGQ#B08LHBWFJ4#B00LPJV2K2#B08R42VW1B#B07PNKJB4L#B08LHBKG6Y
scooter kids ab 10#82#52#1.275#10#0,78%#8#15,38%#1#12,5%#79,99 €#-#0#0#0#2#3,85%#0#0%#72,49 €#-#0#0#0#0#0%#0#-#-#-#0#0#0#/brand-analytics/dashboard/query-detail?view-id=query-detail-asin-view&asin=B08LHFW932&search-term-freeform=scooter%20kids%20ab%2010&reporting-range=monthly&monthly-year=2023&2023-month=2023-03-31&country-id=de B07GX4ZB7Q#B07X2YT1MS#B08LHFHYPR#B0789J5NHQ#B075DHQ1BM
trottinette kinder 5 jahre#84#38#863#10#1,16%#17#44,74%#1#5,88%#74,39 €#-#0#0#1#2#5,26%#0#0%#43,99 €#-#0#0#0#1#2,63%#0#0%#43,99 €#-#0#0#0#/brand-analytics/dashboard/query-detail?view-id=query-detail-asin-view&asin=B08LHFW932&search-term-freeform=trottinette%20kinder%205%20jahre&reporting-range=monthly&monthly-year=2023&2023-month=2023-03-31&country-id=de B00CS3JOJA#B07RMY4DCM#B00CRFB4MY#B077JK6FF6#B08DKY8N63#B0B1F5R4JL#B0B3XQ6773#B08LHFW932#B08424XBCP#B091C6PNPF
e scooter für 10 jährige#85#444#8.953#46#0,51%#134#30,18%#0#0%#188,56 €#-#0#12#32#6#1,35%#0#0%#189,00 €#-#0#0#1#2#0,45%#0#0%#189,00 €#-#0#0#0#/brand-analytics/dashboard/query-detail?view-id=query-detail-asin-view&asin=B08LHFW932&search-term-freeform=e%20scooter%20f%C3%BCr%2010%20j%C3%A4hrige&reporting-range=monthly&monthly-year=2023&2023-month=2023-03-31&country-id=de B0BD855NJG#B09NVTFK7F#B09FKTDLJS#B0B28HDNP7#B09HH83JC8#B0BTYBSJFR#B09NXWCXG4#B07YB9KZVC#B0B81ZCWFC#B0BFWTBDJL
roller für 10 jährigen jungen#86#11#209#9#4,31%#8#72,73%#1#12,5%#51,90 €#-#0#0#3#1#9,09%#0#0%#51,90 €#-#0#0#0#0#0%#0#-#-#-#0#0#0#/brand-analytics/dashboard/query-detail?view-id=query-detail-asin-view&asin=B08LHFW932&search-term-freeform=roller%20f%C3%BCr%2010%20j%C3%A4hrigen%20jungen&reporting-range=monthly&monthly-year=2023&2023-month=2023-03-31&country-id=de B071V927LX#B08LHCT4TL#B097CZJHBM#B08LHFW932#B08SLNW4M2#B095PWB8NK#B00F7842X6#B09KM1SHRH#B07516GZD5#B08LHBWFJ4
scooter albott#87#88#1.832#9#0,49%#22#25%#1#4,55%#38,30 €#-#0#1#12#5#5,68%#0#0%#37,99 €#-#0#0#3#2#2,27%#0#0%#37,99 €#-#0#0#1#/brand-analytics/dashboard/query-detail?view-id=query-detail-asin-view&asin=B08LHFW932&search-term-freeform=scooter%20albott&reporting-range=monthly&monthly-year=2023&2023-month=2023-03-31&country-id=de B078CK7BZ7#B0751FNR26#B083TSF2F8#B07PNKJB4L#B097CZJHBM#B098RBSGNH#B07P8XCXF8#B08N1DKRQB#B09GVS5QKM#B07SS5223T
stunt scooter kinder ab 10 jahre#88#6.425#135.991#9#0,01%#2.932#45,63%#1#0,03%#65,99 €#-#5#279#606#397#6,18%#0#0%#59,50 €#-#2#46#81#68#1,06%#0#0%#58,90 €#-#0#9#11#/brand-analytics/dashboard/query-detail?view-id=query-detail-asin-view&asin=B08LHFW932&search-term-freeform=stunt%20scooter%20kinder%20ab%2010%20jahre&reporting-range=monthly&monthly-year=2023&2023-month=2023-03-31&country-id=de B07W5VSTH4#B097Q36RGV#B097CZJHBM#B093HCVYSN#B00LPJV2K2#B099XCQ56G#B08BQYP4WF#B07Z51LW2Y#B078CK7BZ7#B083TSF2F8
trickscooter#89#47#1.016#9#0,89%#22#46,81%#1#4,55%#90,99 €#-#0#4#1#0#0%#0#-#-#-#0#0#0#0#0%#0#-#-#-#0#0#0#/brand-analytics/dashboard/query-detail?view-id=query-detail-asin-view&asin=B08LHFW932&search-term-freeform=trickscooter&reporting-range=monthly&monthly-year=2023&2023-month=2023-03-31&country-id=de B097CZJHBM#B08C2X89H6#B00CS3IXLA#B07K5B8M5K#B0751FNR26#B00LPJV2K2#B096SWL1PC#B0B5RGXBJL#B07Z51LW2Y#B097Q36RGV
allbot scooter#90#8#193#8#4,15%#3#37,5%#1#33,33%#37,99 €#-#0#0#0#0#0%#0#-#-#-#0#0#0#0#0%#0#-#-#-#0#0#0#/brand-analytics/dashboard/query-detail?view-id=query-detail-asin-view&asin=B08LHFW932&search-term-freeform=allbot%20scooter&reporting-range=monthly&monthly-year=2023&2023-month=2023-03-31&country-id=de B078CK7BZ7#B0751FNR26#B083TSF2F8#B097CZJHBM#B07R3CH4QT#B07PNKJB4L#B09CNLWX9Z#B08LHFW932#B09MLR7JMN#B09GVS5QKM
roller ab 12 jahre jungen#91#186#4.023#45#1,12%#69#37,1%#0#0%#63,43 €#-#1#2#12#9#4,84%#0#0%#63,74 €#-#0#1#5#1#0,54%#0#0%#59,00 €#-#0#0#1#/brand-analytics/dashboard/query-detail?view-id=query-detail-asin-view&asin=B08LHFW932&search-term-freeform=roller%20ab%2012%20jahre%20jungen&reporting-range=monthly&monthly-year=2023&2023-month=2023-03-31&country-id=de B07S24HM1R#B078CK7BZ7#B09HGMNCN6#B08BRG2H34#B083TSF2F8#B095PX83S6#B08LHCT4TL#B08PV7STSY#B07GXKMMB8#B07WVFL8G3
e scooter für 12 jährige#93#530#11.289#44#0,39%#245#46,23%#0#0%#289,99 €#-#0#17#36#10#1,89%#0#0%#289,99 €#-#0#0#3#0#0%#0#-#-#-#0#0#0#/brand-analytics/dashboard/query-detail?view-id=query-detail-asin-view&asin=B08LHFW932&search-term-freeform=e%20scooter%20f%C3%BCr%2012%20j%C3%A4hrige&reporting-range=monthly&monthly-year=2023&2023-month=2023-03-31&country-id=de B0B81ZCWFC#B09MTCZXNS#B09NVTFK7F#B09TPXQQWC#B09HH83JC8#B09NXWCXG4#B07MLF3SC2#B07YB9KZVC#B0BFWTBDJL#B09D363PVN
kinder roller 10 jahren#94#14#269#7#2,6%#8#57,14%#1#12,5%#59,00 €#-#0#2#2#0#0%#0#-#-#-#0#0#0#0#0%#0#-#-#-#0#0#0#/brand-analytics/dashboard/query-detail?view-id=query-detail-asin-view&asin=B08LHFW932&search-term-freeform=kinder%20roller%2010%20jahren&reporting-range=monthly&monthly-year=2023&2023-month=2023-03-31&country-id=de B08YNYSTQX#B08LHFW932#B000YD02MO#B07G1975ZJ#B00CSSGMPE#B08BRF2B3Z#B07SGQC9LW#B003XPQ8PK#B08293Y9C1#B08V1XDNR3
roller 10 jahre jungen#95#72#1.492#6#0,4%#35#48,61%#1#2,86%#49,99 €#-#0#3#6#3#4,17%#0#0%#49,99 €#-#0#0#0#0#0%#0#-#-#-#0#0#0#/brand-analytics/dashboard/query-detail?view-id=query-detail-asin-view&asin=B08LHFW932&search-term-freeform=roller%2010%20jahre%20jungen&reporting-range=monthly&monthly-year=2023&2023-month=2023-03-31&country-id=de B000YD02MO#B09MW8T4QJ#B07S24HM1R#B099XCQ56G#B095PX83S6#B09CDR9B89#B09QJ2YQC1#B0BVMFLD9H#B09BVL97PG#B08PDJJM7S
roller ab 12 jahre#96#52#1.069#6#0,56%#17#32,69%#1#5,88%#72,64 €#-#1#1#0#3#5,77%#0#0%#77,49 €#-#0#0#0#0#0%#0#-#-#-#0#0#0#/brand-analytics/dashboard/query-detail?view-id=query-detail-asin-view&asin=B08LHFW932&search-term-freeform=roller%20ab%2012%20jahre&reporting-range=monthly&monthly-year=2023&2023-month=2023-03-31&country-id=de B08CZS1MYR#B07S24HM1R#B08CDG38S5#B09HGMNCN6#B08424XBCP#B0BNX47MF9#B095PX83S6#B098RCJVWD#B09DP4M6RG#B077SJXFTV
scooter stunt erwachsene#97#69#1.424#6#0,42%#38#55,07%#1#2,63%#73,61 €#-#0#2#12#2#2,9%#0#0%#89,90 €#-#0#0#1#0#0%#0#-#-#-#0#0#0#/brand-analytics/dashboard/query-detail?view-id=query-detail-asin-view&asin=B08LHFW932&search-term-freeform=scooter%20stunt%20erwachsene&reporting-range=monthly&monthly-year=2023&2023-month=2023-03-31&country-id=de B07Y5BMVK3#B00RCMMHCS#B087J8VJL4#B09FLB6KJJ#B091M7RFH1
stunt roller ab 5#98#16#353#6#1,7%#15#93,75%#1#6,67%#58,56 €#-#0#1#5#0#0%#0#-#-#-#0#0#0#0#0%#0#-#-#-#0#0#0#/brand-analytics/dashboard/query-detail?view-id=query-detail-asin-view&asin=B08LHFW932&search-term-freeform=stunt%20roller%20ab%205&reporting-range=monthly&monthly-year=2023&2023-month=2023-03-31&country-id=de B00LPJV2K2#B0B5TVZ5R5#B09NDC9SXZ#B08LHBKG6Y#B08LHDRFPR#B0BGJCP57R#B08BRF2B3Z#B08K471XSY#B08LHFW932#B088FTSKK6
abott scooter#99#5#95#5#5,26%#4#80%#1#25%#44,95 €#-#0#0#1#0#0%#0#-#-#-#0#0#0#0#0%#0#-#-#-#0#0#0#/brand-analytics/dashboard/query-detail?view-id=query-detail-asin-view&asin=B08LHFW932&search-term-freeform=abott%20scooter&reporting-range=monthly&monthly-year=2023&2023-month=2023-03-31&country-id=de B083TSF2F8#B0751FNR26#B08LHBWFJ4#B08N1DKRQB#B08LHFW932#B08FBQ6P53#B08BRG2H34#B07PNKJB4L#B08LHF2ZMR#B097D1LV7F
roller ab 13 jahre jungs#100#59#1.092#5#0,46%#17#28,81%#1#5,88%#49,99 €#-#0#1#2#3#5,08%#0#0%#49,80 €#-#0#0#0#1#1,69%#0#0%#49,80 €#-#0#0#0#/brand-analytics/dashboard/query-detail?view-id=query-detail-asin-view&asin=B08LHFW932&search-term-freeform=roller%20ab%2013%20jahre%20jungs&reporting-range=monthly&monthly-year=2023&2023-month=2023-03-31&country-id=de B07G1975ZJ#B0751FNR26#B07S24HM1R#B0BGJCP57R#B08FQXMMN4#B088FTSKK6#B01MT5ZYA6#B097CZJHBM#B0B81ZCWFC#B08LHFW932
stunt scooter#1#30.411#662.734#3.334#0,5%#11.124#36,58%#115#1,03%#69,49 €#79,90 €#16#445#1.292#1.141#3,75%#7#0,61%#63,31 €#79,90 €#2#58#118#161#0,53%#1#0,62%#59,00 €#79,90 €#0#11#21#/brand-analytics/dashboard/query-detail?view-id=query-detail-asin-view&asin=B08LHFW932&search-term-freeform=stunt%20scooter&reporting-range=monthly&monthly-year=2023&2023-month=2023-04-30&country-id=de B093HCVYSN#B097Q36RGV#B08LHDRFPR#B08K471XSY#B098RCF5S6#B096SWL1PC#B00LPJV2K2#B09K7T2ZN8#B0B1VRLT2P#B08BRF2B3Z
apollo stunt scooter#2#2.401#51.705#848#1,64%#1.147#47,77%#89#7,76%#69,99 €#79,90 €#4#28#65#112#4,66%#8#7,14%#69,49 €#79,90 €#1#4#8#29#1,21%#1#3,45%#69,49 €#79,90 €#0#1#1#/brand-analytics/dashboard/query-detail?view-id=query-detail-asin-view&asin=B08LHFW932&search-term-freeform=apollo%20stunt%20scooter&reporting-range=monthly&monthly-year=2023&2023-month=2023-04-30&country-id=de B093HCVYSN#B0751FNR26#B08LHDRFPR#B08LHCY28L#B08K471XSY#B00LPJV2K2#B096SWL1PC#B08R7TMV7B#B08LHFW932#B08LHFXHGH
stunt roller ab 8 jahre#3#737#15.497#474#3,06%#367#49,8%#32#8,72%#59,00 €#79,90 €#0#24#60#57#7,73%#2#3,51%#59,00 €#79,90 €#0#6#13#11#1,49%#1#9,09%#57,99 €#79,90 €#0#4#1#/brand-analytics/dashboard/query-detail?view-id=query-detail-asin-view&asin=B08LHFW932&search-term-freeform=stunt%20roller%20ab%208%20jahre&reporting-range=monthly&monthly-year=2023&2023-month=2023-04-30&country-id=de B093HCVYSN#B01II44D8O#B09431XN8T#B099XCQ56G#B08LHFW932#B08BR37SSN#B08K471XSY#B08BRG2H34#B092LDVFDN#B01KIDNTU6
stunt roller kinder ab 6#4#2.158#45.078#306#0,68%#1.196#55,42%#21#1,76%#59,00 €#79,90 €#0#51#163#153#7,09%#4#2,61%#58,07 €#79,90 €#0#5#16#29#1,34%#1#3,45%#58,07 €#79,90 €#0#1#1#/brand-analytics/dashboard/query-detail?view-id=query-detail-asin-view&asin=B08LHFW932&search-term-freeform=stunt%20roller%20kinder%20ab%206&reporting-range=monthly&monthly-year=2023&2023-month=2023-04-30&country-id=de B085CFBTCH#B093HCVYSN#B08LHFHYPR#B08BRG2H34#B00LPJV2K2#B0BGJCP57R#B09NDB4R1D#B07W5VSTH4#B099XCQ56G#B08LHDRFPR
roller kinder 10 jahre#5#17.464#368.135#1.963#0,53%#6.612#37,86%#12#0,18%#59,99 €#79,90 €#13#302#771#794#4,55%#1#0,13%#57,15 €#79,90 €#3#51#99#149#0,85%#0#0%#59,00 €#-#0#15#23#/brand-analytics/dashboard/query-detail?view-id=query-detail-asin-view&asin=B08LHFW932&search-term-freeform=roller%20kinder%2010%20jahre&reporting-range=monthly&monthly-year=2023&2023-month=2023-04-30&country-id=de B07G1975ZJ#B0B77WRKY5#B000YD02MO#B07S24HM1R#B07SGQC9LW#B099XCQ56G#B08YNYSTQX#B08BRF2B3Z#B0BJF3WXRD#B00H4VSHDK
stunt scooter apollo#6#468#9.862#159#1,61%#196#41,88%#20#10,2%#79,90 €#79,90 €#0#5#5#18#3,85%#2#11,11%#79,90 €#79,90 €#0#1#1#3#0,64%#1#33,33%#12,99 €#79,90 €#0#0#1#/brand-analytics/dashboard/query-detail?view-id=query-detail-asin-view&asin=B08LHFW932&search-term-freeform=stunt%20scooter%20apollo&reporting-range=monthly&monthly-year=2023&2023-month=2023-04-30&country-id=de B0751FNR26#B08LHDRFPR#B08LHCY28L#B08K471XSY#B09DYFDQL2#B093HCVYSN#B078Y78SJ7#B09LDCV56W#B08LHFW932#B08LHFHYPR